<Book><BookInfo><ID>-1663463538311</ID><Name><![CDATA[Bermain%20Angka%204]]></Name><BookType>interact_book_hor</BookType><DeviceType>iphone_book</DeviceType><DeviceVersion>null</DeviceVersion><PlatformType>android_platform</PlatformType><Description><![CDATA[]]></Description><HomePageID>-1663463538811</HomePageID><StartPageTime><![CDATA[2]]></StartPageTime><IsLoadSnap>true</IsLoadSnap><IsLoadNavigation>true</IsLoadNavigation><BookFlipType>slider_flip</BookFlipType><BookNavType>threed_navigation_view</BookNavType><BookControllerType>book_view_type</BookControllerType><Proportion>false</Proportion><AndroidAdapterType>KEEPSIZE_SCALE</AndroidAdapterType><IsFree>true</IsFree><BookIconId>-1663680253425.png</BookIconId><BackgroundMusicId>-1663494351072.mp3</BackgroundMusicId><BookMark><IsShowBookMark>false</IsShowBookMark><IsShowBookMarkLabel>true</IsShowBookMarkLabel><BookMarkLablePositon>left|bottom</BookMarkLablePositon><BookMarkLabelHorGap>20</BookMarkLabelHorGap><BookMarkLabelVerGap>20</BookMarkLabelVerGap><BookMarkLabelText><![CDATA[Smart Apps Creator]]></BookMarkLabelText></BookMark><BookWidth>1280</BookWidth><BookHeight>720</BookHeight><ADType>-1</ADType><ADPosition>top</ADPosition><ExeStyleType>IOS_STYLE</ExeStyleType><ProductID></ProductID><ReferenceName><![CDATA[Bermain%20Angka%204]]></ReferenceName><PushID></PushID><ActivePush>false</ActivePush><FullScreen>false</FullScreen><Buttons><Button><X>0</X><Y>0</Y><Width>88</Width><Height>88</Height><Type>home_page_btn</Type><isVisible>true</isVisible><LayoutType>LEFT_TOP</LayoutType><Vergap>0</Vergap><Horgap>0</Horgap><UserDefNav>false</UserDefNav><Source></Source><SelectedSource></SelectedSource></Button><Button><X>1192</X><Y>0</Y><Width>88</Width><Height>88</Height><Type>open_navigate_btn</Type><isVisible>false</isVisible><LayoutType>RIGHT_TOP</LayoutType><Vergap>0</Vergap><Horgap>0</Horgap><UserDefNav>false</UserDefNav><Source></Source><SelectedSource></SelectedSource></Button><Button><X>0</X><Y>316</Y><Width>88</Width><Height>88</Height><Type>pre_page_btn</Type><isVisible>false</isVisible><LayoutType>LEFT_TOP</LayoutType><Vergap>316</Vergap><Horgap>0</Horgap><UserDefNav>false</UserDefNav><Source></Source><SelectedSource></SelectedSource></Button><Button><X>1192</X><Y>316</Y><Width>88</Width><Height>88</Height><Type>next_page_btn</Type><isVisible>false</isVisible><LayoutType>RIGHT_TOP</LayoutType><Vergap>316</Vergap><Horgap>0</Horgap><UserDefNav>false</UserDefNav><Source></Source><SelectedSource></SelectedSource></Button></Buttons></BookInfo><Snapshots><Snapshot> <SnapshotId>-1663680349714.png</SnapshotId><SnapshotWidth>1280</SnapshotWidth><SnapshotHeight>720</SnapshotHeight><PageId>-1663463538436</PageId><PageTitle><![CDATA[null]]></PageTitle></Snapshot> <Snapshot> <SnapshotId>-1663686006166.jpg</SnapshotId><SnapshotWidth>426.6666666666667</SnapshotWidth><SnapshotHeight>240</SnapshotHeight><PageId>-1663463538811</PageId><PageTitle><![CDATA[]]></PageTitle></Snapshot> <Snapshot> <SnapshotId>-1663686007213.jpg</SnapshotId><SnapshotWidth>426.6666666666667</SnapshotWidth><SnapshotHeight>240</SnapshotHeight><PageId>-1663463644061</PageId><PageTitle><![CDATA[]]></PageTitle></Snapshot> <Snapshot> <SnapshotId>-1663686007728.jpg</SnapshotId><SnapshotWidth>426.6666666666667</SnapshotWidth><SnapshotHeight>240</SnapshotHeight><PageId>-1663463645342</PageId><PageTitle><![CDATA[]]></PageTitle></Snapshot> <Snapshot> <SnapshotId>-1663686008260.jpg</SnapshotId><SnapshotWidth>426.6666666666667</SnapshotWidth><SnapshotHeight>240</SnapshotHeight><PageId>-1663463646186</PageId><PageTitle><![CDATA[]]></PageTitle></Snapshot> <Snapshot> <SnapshotId>-1663686008885.jpg</SnapshotId><SnapshotWidth>426.6666666666667</SnapshotWidth><SnapshotHeight>240</SnapshotHeight><PageId>-1663524363555</PageId><PageTitle><![CDATA[]]></PageTitle></Snapshot> <Snapshot> <SnapshotId>-1663686009369.jpg</SnapshotId><SnapshotWidth>426.6666666666667</SnapshotWidth><SnapshotHeight>240</SnapshotHeight><PageId>-1663524372292</PageId><PageTitle><![CDATA[]]></PageTitle></Snapshot> <Snapshot> <SnapshotId>-1663686009869.jpg</SnapshotId><SnapshotWidth>426.6666666666667</SnapshotWidth><SnapshotHeight>240</SnapshotHeight><PageId>-1663525146015</PageId><PageTitle><![CDATA[]]></PageTitle></Snapshot> <Snapshot> <SnapshotId>-1663686010369.jpg</SnapshotId><SnapshotWidth>426.6666666666667</SnapshotWidth><SnapshotHeight>240</SnapshotHeight><PageId>-1663525194881</PageId><PageTitle><![CDATA[]]></PageTitle></Snapshot> <Snapshot> <SnapshotId>-1663686010916.jpg</SnapshotId><SnapshotWidth>426.6666666666667</SnapshotWidth><SnapshotHeight>240</SnapshotHeight><PageId>-1663525677696</PageId><PageTitle><![CDATA[]]></PageTitle></Snapshot> <Snapshot> <SnapshotId>-1663686011431.jpg</SnapshotId><SnapshotWidth>426.6666666666667</SnapshotWidth><SnapshotHeight>240</SnapshotHeight><PageId>-1663525810686</PageId><PageTitle><![CDATA[]]></PageTitle></Snapshot> <Snapshot> <SnapshotId>-1663686011916.jpg</SnapshotId><SnapshotWidth>426.6666666666667</SnapshotWidth><SnapshotHeight>240</SnapshotHeight><PageId>-1663525904651</PageId><PageTitle><![CDATA[]]></PageTitle></Snapshot> <Snapshot> <SnapshotId>-1663686012603.jpg</SnapshotId><SnapshotWidth>426.6666666666667</SnapshotWidth><SnapshotHeight>240</SnapshotHeight><PageId>-1663572561300</PageId><PageTitle><![CDATA[]]></PageTitle></Snapshot> <Snapshot> <SnapshotId>-1663686013416.jpg</SnapshotId><SnapshotWidth>426.6666666666667</SnapshotWidth><SnapshotHeight>240</SnapshotHeight><PageId>-1663575502765</PageId><PageTitle><![CDATA[]]></PageTitle></Snapshot> <Snapshot> <SnapshotId>-1663686013931.jpg</SnapshotId><SnapshotWidth>426.6666666666667</SnapshotWidth><SnapshotHeight>240</SnapshotHeight><PageId>-1663575680107</PageId><PageTitle><![CDATA[]]></PageTitle></Snapshot> <Snapshot> <SnapshotId>-1663686014431.jpg</SnapshotId><SnapshotWidth>426.6666666666667</SnapshotWidth><SnapshotHeight>240</SnapshotHeight><PageId>-1663575789836</PageId><PageTitle><![CDATA[]]></PageTitle></Snapshot> <Snapshot> <SnapshotId>-1663686014947.jpg</SnapshotId><SnapshotWidth>426.6666666666667</SnapshotWidth><SnapshotHeight>240</SnapshotHeight><PageId>-1663575884860</PageId><PageTitle><![CDATA[]]></PageTitle></Snapshot> <Snapshot> <SnapshotId>-1663686015666.jpg</SnapshotId><SnapshotWidth>426.6666666666667</SnapshotWidth><SnapshotHeight>240</SnapshotHeight><PageId>-1663575945041</PageId><PageTitle><![CDATA[]]></PageTitle></Snapshot> <Snapshot> <SnapshotId>-1663686016150.jpg</SnapshotId><SnapshotWidth>426.6666666666667</SnapshotWidth><SnapshotHeight>240</SnapshotHeight><PageId>-1663576024118</PageId><PageTitle><![CDATA[]]></PageTitle></Snapshot> <Snapshot> <SnapshotId>-1663686016634.jpg</SnapshotId><SnapshotWidth>426.6666666666667</SnapshotWidth><SnapshotHeight>240</SnapshotHeight><PageId>-1663576092226</PageId><PageTitle><![CDATA[]]></PageTitle></Snapshot> <Snapshot> <SnapshotId>-1663686017119.jpg</SnapshotId><SnapshotWidth>426.6666666666667</SnapshotWidth><SnapshotHeight>240</SnapshotHeight><PageId>-1663576101057</PageId><PageTitle><![CDATA[]]></PageTitle></Snapshot> <Snapshot> <SnapshotId>-1663686017572.jpg</SnapshotId><SnapshotWidth>426.6666666666667</SnapshotWidth><SnapshotHeight>240</SnapshotHeight><PageId>-1663578706393</PageId><PageTitle><![CDATA[]]></PageTitle></Snapshot> <Snapshot> <SnapshotId>-1663686018181.jpg</SnapshotId><SnapshotWidth>426.6666666666667</SnapshotWidth><SnapshotHeight>240</SnapshotHeight><PageId>-1663583797966</PageId><PageTitle><![CDATA[]]></PageTitle></Snapshot> <Snapshot> <SnapshotId>-1663686019025.jpg</SnapshotId><SnapshotWidth>426.6666666666667</SnapshotWidth><SnapshotHeight>240</SnapshotHeight><PageId>-1663583802654</PageId><PageTitle><![CDATA[]]></PageTitle></Snapshot> <Snapshot> <SnapshotId>-1663686019494.jpg</SnapshotId><SnapshotWidth>426.6666666666667</SnapshotWidth><SnapshotHeight>240</SnapshotHeight><PageId>-1663583808513</PageId><PageTitle><![CDATA[]]></PageTitle></Snapshot> <Snapshot> <SnapshotId>-1663686019978.jpg</SnapshotId><SnapshotWidth>426.6666666666667</SnapshotWidth><SnapshotHeight>240</SnapshotHeight><PageId>-1663583814440</PageId><PageTitle><![CDATA[]]></PageTitle></Snapshot> <Snapshot> <SnapshotId>-1663686020619.jpg</SnapshotId><SnapshotWidth>426.6666666666667</SnapshotWidth><SnapshotHeight>240</SnapshotHeight><PageId>-1663583819408</PageId><PageTitle><![CDATA[]]></PageTitle></Snapshot> <Snapshot> <SnapshotId>-1663686021072.jpg</SnapshotId><SnapshotWidth>426.6666666666667</SnapshotWidth><SnapshotHeight>240</SnapshotHeight><PageId>-1663583825408</PageId><PageTitle><![CDATA[]]></PageTitle></Snapshot> <Snapshot> <SnapshotId>-1663686021556.jpg</SnapshotId><SnapshotWidth>426.6666666666667</SnapshotWidth><SnapshotHeight>240</SnapshotHeight><PageId>-1663584354539</PageId><PageTitle><![CDATA[]]></PageTitle></Snapshot> <Snapshot> <SnapshotId>-1663686022025.jpg</SnapshotId><SnapshotWidth>426.6666666666667</SnapshotWidth><SnapshotHeight>240</SnapshotHeight><PageId>-1663584360086</PageId><PageTitle><![CDATA[]]></PageTitle></Snapshot> <Snapshot> <SnapshotId>-1663686022494.jpg</SnapshotId><SnapshotWidth>426.6666666666667</SnapshotWidth><SnapshotHeight>240</SnapshotHeight><PageId>-1663584364101</PageId><PageTitle><![CDATA[]]></PageTitle></Snapshot> <Snapshot> <SnapshotId>-1663686022978.jpg</SnapshotId><SnapshotWidth>426.6666666666667</SnapshotWidth><SnapshotHeight>240</SnapshotHeight><PageId>-1663589256828</PageId><PageTitle><![CDATA[]]></PageTitle></Snapshot> <Snapshot> <SnapshotId>-1663686023462.jpg</SnapshotId><SnapshotWidth>426.6666666666667</SnapshotWidth><SnapshotHeight>240</SnapshotHeight><PageId>-1663590076706</PageId><PageTitle><![CDATA[]]></PageTitle></Snapshot> <Snapshot> <SnapshotId>-1663686023947.jpg</SnapshotId><SnapshotWidth>426.6666666666667</SnapshotWidth><SnapshotHeight>240</SnapshotHeight><PageId>-1663641708010</PageId><PageTitle><![CDATA[]]></PageTitle></Snapshot> <Snapshot> <SnapshotId>-1663686024947.jpg</SnapshotId><SnapshotWidth>426.6666666666667</SnapshotWidth><SnapshotHeight>240</SnapshotHeight><PageId>-1663642289793</PageId><PageTitle><![CDATA[]]></PageTitle></Snapshot> <Snapshot> <SnapshotId>-1663686025450.jpg</SnapshotId><SnapshotWidth>426.6666666666667</SnapshotWidth><SnapshotHeight>240</SnapshotHeight><PageId>-1663642294413</PageId><PageTitle><![CDATA[]]></PageTitle></Snapshot> <Snapshot> <SnapshotId>-1663686025950.jpg</SnapshotId><SnapshotWidth>426.6666666666667</SnapshotWidth><SnapshotHeight>240</SnapshotHeight><PageId>-1663642298749</PageId><PageTitle><![CDATA[]]></PageTitle></Snapshot> <Snapshot> <SnapshotId>-1663686210023.jpg</SnapshotId><SnapshotWidth>426.6666666666667</SnapshotWidth><SnapshotHeight>240</SnapshotHeight><PageId>-1663642303192</PageId><PageTitle><![CDATA[]]></PageTitle></Snapshot> <Snapshot> <SnapshotId>-1663686026481.jpg</SnapshotId><SnapshotWidth>426.6666666666667</SnapshotWidth><SnapshotHeight>240</SnapshotHeight><PageId>-1663672319868</PageId><PageTitle><![CDATA[]]></PageTitle></Snapshot> <Snapshot> <SnapshotId>-1663686027216.jpg</SnapshotId><SnapshotWidth>426.6666666666667</SnapshotWidth><SnapshotHeight>240</SnapshotHeight><PageId>-1663672323868</PageId><PageTitle><![CDATA[]]></PageTitle></Snapshot> <Snapshot> <SnapshotId>-1663686027716.jpg</SnapshotId><SnapshotWidth>426.6666666666667</SnapshotWidth><SnapshotHeight>240</SnapshotHeight><PageId>-1663672329727</PageId><PageTitle><![CDATA[]]></PageTitle></Snapshot> <Snapshot> <SnapshotId>-1663686210601.jpg</SnapshotId><SnapshotWidth>426.6666666666667</SnapshotWidth><SnapshotHeight>240</SnapshotHeight><PageId>-1663672335680</PageId><PageTitle><![CDATA[]]></PageTitle></Snapshot> <Snapshot> <SnapshotId>-1663686211570.jpg</SnapshotId><SnapshotWidth>426.6666666666667</SnapshotWidth><SnapshotHeight>240</SnapshotHeight><PageId>-1663672341414</PageId><PageTitle><![CDATA[]]></PageTitle></Snapshot> <Snapshot> <SnapshotId>-1663686212054.jpg</SnapshotId><SnapshotWidth>426.6666666666667</SnapshotWidth><SnapshotHeight>240</SnapshotHeight><PageId>-1663672346086</PageId><PageTitle><![CDATA[]]></PageTitle></Snapshot> <Snapshot> <SnapshotId>-1663686212539.jpg</SnapshotId><SnapshotWidth>426.6666666666667</SnapshotWidth><SnapshotHeight>240</SnapshotHeight><PageId>-1663672351727</PageId><PageTitle><![CDATA[]]></PageTitle></Snapshot> <Snapshot> <SnapshotId>-1663686213039.jpg</SnapshotId><SnapshotWidth>426.6666666666667</SnapshotWidth><SnapshotHeight>240</SnapshotHeight><PageId>-1663672356648</PageId><PageTitle><![CDATA[]]></PageTitle></Snapshot> <Snapshot> <SnapshotId>-1663686213570.jpg</SnapshotId><SnapshotWidth>426.6666666666667</SnapshotWidth><SnapshotHeight>240</SnapshotHeight><PageId>-1663672723252</PageId><PageTitle><![CDATA[]]></PageTitle></Snapshot> </Snapshots><Pages><Page><ID>-1663463538436</ID></Page><Page><ID>-1663463538811</ID></Page><Page><ID>-1663463644061</ID></Page><Page><ID>-1663463645342</ID></Page><Page><ID>-1663463646186</ID></Page><Page><ID>-1663524363555</ID></Page><Page><ID>-1663524372292</ID></Page><Page><ID>-1663525146015</ID></Page><Page><ID>-1663525194881</ID></Page><Page><ID>-1663525677696</ID></Page><Page><ID>-1663525810686</ID></Page><Page><ID>-1663525904651</ID></Page><Page><ID>-1663572561300</ID></Page><Page><ID>-1663575502765</ID></Page><Page><ID>-1663575680107</ID></Page><Page><ID>-1663575789836</ID></Page><Page><ID>-1663575884860</ID></Page><Page><ID>-1663575945041</ID></Page><Page><ID>-1663576024118</ID></Page><Page><ID>-1663576092226</ID></Page><Page><ID>-1663576101057</ID></Page><Page><ID>-1663578706393</ID></Page><Page><ID>-1663583797966</ID></Page><Page><ID>-1663583802654</ID></Page><Page><ID>-1663583808513</ID></Page><Page><ID>-1663583814440</ID></Page><Page><ID>-1663583819408</ID></Page><Page><ID>-1663583825408</ID></Page><Page><ID>-1663584354539</ID></Page><Page><ID>-1663584360086</ID></Page><Page><ID>-1663584364101</ID></Page><Page><ID>-1663589256828</ID></Page><Page><ID>-1663590076706</ID></Page><Page><ID>-1663641708010</ID></Page><Page><ID>-1663642289793</ID></Page><Page><ID>-1663642294413</ID></Page><Page><ID>-1663642298749</ID></Page><Page><ID>-1663642303192</ID></Page><Page><ID>-1663672319868</ID></Page><Page><ID>-1663672323868</ID></Page><Page><ID>-1663672329727</ID></Page><Page><ID>-1663672335680</ID></Page><Page><ID>-1663672341414</ID></Page><Page><ID>-1663672346086</ID></Page><Page><ID>-1663672351727</ID></Page><Page><ID>-1663672356648</ID></Page><Page><ID>-1663672723252</ID></Page></Pages><StartPageID>-1663463538436</StartPageID><Sections><Section><ID>-1663463538890</ID><Name>Homepage</Name><isReverseSize>false</isReverseSize><isNeedPaid>false</isNeedPaid><Pages><Page>-1663463538811</Page><Page>-1663463644061</Page><Page>-1663641708010</Page><Page>-1663463645342</Page></Pages></Section><Section><ID>-1663508522615</ID><Name>Level%201</Name><isReverseSize>false</isReverseSize><isNeedPaid>false</isNeedPaid><Pages><Page>-1663463646186</Page><Page>-1663524363555</Page><Page>-1663524372292</Page><Page>-1663525146015</Page><Page>-1663525194881</Page><Page>-1663525677696</Page><Page>-1663525810686</Page><Page>-1663525904651</Page></Pages></Section><Section><ID>-1663524134272</ID><Name>Level%202</Name><isReverseSize>false</isReverseSize><isNeedPaid>false</isNeedPaid><Pages><Page>-1663642289793</Page><Page>-1663572561300</Page><Page>-1663575502765</Page><Page>-1663575680107</Page><Page>-1663575789836</Page><Page>-1663575884860</Page><Page>-1663575945041</Page><Page>-1663576024118</Page><Page>-1663576092226</Page><Page>-1663576101057</Page></Pages></Section><Section><ID>-1663467554355</ID><Name>Level%203</Name><isReverseSize>false</isReverseSize><isNeedPaid>false</isNeedPaid><Pages><Page>-1663642294413</Page><Page>-1663578706393</Page><Page>-1663583797966</Page><Page>-1663583802654</Page><Page>-1663583808513</Page><Page>-1663583814440</Page><Page>-1663583819408</Page><Page>-1663583825408</Page><Page>-1663584354539</Page><Page>-1663584360086</Page><Page>-1663584364101</Page><Page>-1663589256828</Page></Pages></Section><Section><ID>-1663524327807</ID><Name>Level%204</Name><isReverseSize>false</isReverseSize><isNeedPaid>false</isNeedPaid><Pages><Page>-1663642298749</Page><Page>-1663590076706</Page><Page>-1663672323868</Page><Page>-1663672329727</Page><Page>-1663672319868</Page><Page>-1663672335680</Page><Page>-1663672341414</Page><Page>-1663672346086</Page><Page>-1663672351727</Page><Page>-1663672356648</Page><Page>-1663672723252</Page><Page>-1663642303192</Page></Pages></Section></Sections></Book>